sample_id,relpath,crop_id,class_id,task,split,source,license,dataset_version,is_synthetic,is_field,farmer_id,location_id,video_id,capture_session_id,source_group,width,height,sha256,captured_at,lat,lon,h3_index,growth_stage,variety,severity_bin,affected_area_pct,symptom_region,annotation_path,notes
syn_grape_grape_black_rot_000,synthetic/smoke/images/syn_grape_grape_black_rot_000.png,grape,grape_black_rot,classification,test,synthetic_smoke,generated_in_repo,v0.1.0-phase1,True,False,syn_farmer_04,syn_loc_04,,syn_farmer_04_sess_0,syn_farmer_04,96,96,d75ee6ad1afcac820acfa777ee4c094751b35e6ae951caadab5ff1d11649f840,2026-08-31T20:31:46+00:00,19.3,73.8,,harvest,grape_var_1,healthy,0.682,leaf,,synthetic difficulty=multiple_pests
syn_maize_maize_common_rust_000,synthetic/smoke/images/syn_maize_maize_common_rust_000.png,maize,maize_common_rust,classification,test,synthetic_smoke,generated_in_repo,v0.1.0-phase1,True,False,syn_farmer_04,syn_loc_00,,syn_farmer_04_sess_0,syn_farmer_04,96,96,c9b1452a115f1c90240302015ee6446c7fae236f3c0ea1fdd5095335bc9e598b,2026-08-31T20:31:46+00:00,18.9,73.8,,reproductive,maize_var_0,,,leaf,,synthetic difficulty=healthy
syn_pepper_pepper_bacterial_spot_000,synthetic/smoke/images/syn_pepper_pepper_bacterial_spot_000.png,pepper,pepper_bacterial_spot,classification,test,synthetic_smoke,generated_in_repo,v0.1.0-phase1,True,False,syn_farmer_04,syn_loc_02,,syn_farmer_04_sess_0,syn_farmer_04,96,96,509d4b828ed01d257c9bee1b637734cf6250bf72ba3e8d3114b015edea0b4293,2026-08-31T20:31:46+00:00,18.5,73.8,,seedling,pepper_var_2,early,5.454,leaf,,synthetic difficulty=blurred
syn_potato_potato_early_blight_000,synthetic/smoke/images/syn_potato_potato_early_blight_000.png,potato,potato_early_blight,classification,test,synthetic_smoke,generated_in_repo,v0.1.0-phase1,True,False,syn_farmer_04,syn_loc_04,,syn_farmer_04_sess_0,syn_farmer_04,96,96,5ea2c5bc442a6dc7f929ec1448b60c19c6e684b2858e8be530a0372d85dbc81b,2026-08-31T20:31:46+00:00,19.1,73.8,,ripening,potato_var_1,healthy,0.682,leaf,,synthetic difficulty=multiple_pests
syn_rice_rice_bacterial_blight_000,synthetic/smoke/images/syn_rice_rice_bacterial_blight_000.png,rice,rice_bacterial_blight,classification,test,synthetic_smoke,generated_in_repo,v0.1.0-phase1,True,False,syn_farmer_04,syn_loc_00,,syn_farmer_04_sess_0,syn_farmer_04,96,96,6d983824ceaf00f39fc3b643f7b2fb523b8af7fdb81f7b779c331aa7f5ce5540,2026-08-31T20:31:46+00:00,18.7,73.8,,vegetative,rice_var_0,,,leaf,,synthetic difficulty=healthy
syn_soybean_soybean_leaf_spot_000,synthetic/smoke/images/syn_soybean_soybean_leaf_spot_000.png,soybean,soybean_leaf_spot,classification,test,synthetic_smoke,generated_in_repo,v0.1.0-phase1,True,False,syn_farmer_04,syn_loc_02,,syn_farmer_04_sess_0,syn_farmer_04,96,96,db115446ec7f8fe6d1e930b93e5f2f63820201d31c6ed64d34a1c8ab0508969f,2026-08-31T20:31:46+00:00,19.3,73.8,,harvest,soybean_var_2,early,7.363,leaf,,synthetic difficulty=blurred
syn_tomato_tomato_bacterial_spot_000,synthetic/smoke/images/syn_tomato_tomato_bacterial_spot_000.png,tomato,tomato_bacterial_spot,classification,test,synthetic_smoke,generated_in_repo,v0.1.0-phase1,True,False,syn_farmer_04,syn_loc_04,,syn_farmer_04_sess_0,syn_farmer_04,96,96,7fe2a6482d5454c70a445beb41a6033f662d0ff0f51762aca036d1950fb34a56,2026-08-31T20:31:46+00:00,18.9,73.8,,reproductive,tomato_var_1,healthy,0.682,leaf,,synthetic difficulty=multiple_pests
syn_wheat_wheat_leaf_rust_000,synthetic/smoke/images/syn_wheat_wheat_leaf_rust_000.png,wheat,wheat_leaf_rust,classification,test,synthetic_smoke,generated_in_repo,v0.1.0-phase1,True,False,syn_farmer_04,syn_loc_00,,syn_farmer_04_sess_0,syn_farmer_04,96,96,1792c7176083919372d10f1129cbea84f4d2650b405051f91a296559c9d18d30,2026-08-31T20:31:46+00:00,18.5,73.8,,seedling,wheat_var_0,,,leaf,,synthetic difficulty=healthy
syn_sugarcane_sugarcane_healthy_000,synthetic/smoke/images/syn_sugarcane_sugarcane_healthy_000.png,sugarcane,sugarcane_healthy,classification,test,synthetic_smoke,generated_in_repo,v0.1.0-phase1,True,False,syn_farmer_04,syn_loc_02,,syn_farmer_04_sess_0,syn_farmer_04,96,96,1c0d2b3b9af53febbff282ef34bb6370e6b2fcb622e32c3e3ef9e70177e65c87,2026-08-31T20:31:46+00:00,19.1,73.8,,ripening,sugarcane_var_2,,,leaf,,synthetic difficulty=blurred
syn_grape_grape_healthy_000,synthetic/smoke/images/syn_grape_grape_healthy_000.png,grape,grape_healthy,classification,val,synthetic_smoke,generated_in_repo,v0.1.0-phase1,True,False,syn_farmer_00,syn_loc_00,,syn_farmer_00_sess_0,syn_farmer_00,96,96,2d18d7992c2e96b7e9e3abeeae51965b312d4be38ef5e7e67d2fc34313af1324,2026-08-31T20:31:46+00:00,18.5,73.8,,seedling,grape_var_0,,,leaf,,synthetic difficulty=healthy
syn_maize_maize_healthy_000,synthetic/smoke/images/syn_maize_maize_healthy_000.png,maize,maize_healthy,classification,val,synthetic_smoke,generated_in_repo,v0.1.0-phase1,True,False,syn_farmer_00,syn_loc_02,,syn_farmer_00_sess_0,syn_farmer_00,96,96,b816240f33b20cd9b445cfad9fae25d081ec3fc39e75b53ce956349981d7aa13,2026-08-31T20:31:46+00:00,19.1,73.8,,ripening,maize_var_2,,,leaf,,synthetic difficulty=blurred
syn_pepper_pepper_healthy_000,synthetic/smoke/images/syn_pepper_pepper_healthy_000.png,pepper,pepper_healthy,classification,val,synthetic_smoke,generated_in_repo,v0.1.0-phase1,True,False,syn_farmer_00,syn_loc_04,,syn_farmer_00_sess_0,syn_farmer_00,96,96,181b38c7fe0c538086d86ab431d3385b831a6fbeb344031224299011a090897b,2026-08-31T20:31:46+00:00,18.7,73.8,,vegetative,pepper_var_1,,,leaf,,synthetic difficulty=multiple_pests
syn_potato_potato_healthy_000,synthetic/smoke/images/syn_potato_potato_healthy_000.png,potato,potato_healthy,classification,val,synthetic_smoke,generated_in_repo,v0.1.0-phase1,True,False,syn_farmer_00,syn_loc_00,,syn_farmer_00_sess_0,syn_farmer_00,96,96,c58c37332a1b4268c8e2c17914aaf1fc987ab40258bf2b000a798aad867852fd,2026-08-31T20:31:46+00:00,19.3,73.8,,harvest,potato_var_0,,,leaf,,synthetic difficulty=healthy
syn_rice_rice_healthy_000,synthetic/smoke/images/syn_rice_rice_healthy_000.png,rice,rice_healthy,classification,val,synthetic_smoke,generated_in_repo,v0.1.0-phase1,True,False,syn_farmer_00,syn_loc_02,,syn_farmer_00_sess_0,syn_farmer_00,96,96,63e20a51a73a1740c59904a6a0a86c8837bf2f9ffe434d825cf23c093d17dbee,2026-08-31T20:31:46+00:00,18.9,73.8,,reproductive,rice_var_2,,,leaf,,synthetic difficulty=blurred
syn_soybean_soybean_healthy_000,synthetic/smoke/images/syn_soybean_soybean_healthy_000.png,soybean,soybean_healthy,classification,val,synthetic_smoke,generated_in_repo,v0.1.0-phase1,True,False,syn_farmer_00,syn_loc_04,,syn_farmer_00_sess_0,syn_farmer_00,96,96,d5317e57ee3a848b6364f652af1daa96897345f93f0ada4b7e9ed781d68d5bda,2026-08-31T20:31:46+00:00,18.5,73.8,,seedling,soybean_var_1,,,leaf,,synthetic difficulty=multiple_pests
syn_tomato_tomato_healthy_000,synthetic/smoke/images/syn_tomato_tomato_healthy_000.png,tomato,tomato_healthy,classification,val,synthetic_smoke,generated_in_repo,v0.1.0-phase1,True,False,syn_farmer_00,syn_loc_00,,syn_farmer_00_sess_0,syn_farmer_00,96,96,081a2022e6a507ee013e86e298777b3972bf189cc97703dccc575154c741c278,2026-08-31T20:31:46+00:00,19.1,73.8,,ripening,tomato_var_0,,,leaf,,synthetic difficulty=healthy
syn_wheat_wheat_healthy_000,synthetic/smoke/images/syn_wheat_wheat_healthy_000.png,wheat,wheat_healthy,classification,val,synthetic_smoke,generated_in_repo,v0.1.0-phase1,True,False,syn_farmer_00,syn_loc_02,,syn_farmer_00_sess_0,syn_farmer_00,96,96,3a65ec0c2da20ca27f4ca62b1a8ec02c2716e16924933a3d30fc038f196ff919,2026-08-31T20:31:46+00:00,18.7,73.8,,vegetative,wheat_var_2,,,leaf,,synthetic difficulty=blurred
syn_cotton_cotton_alternaria_leaf_spot_000,synthetic/smoke/images/syn_cotton_cotton_alternaria_leaf_spot_000.png,cotton,cotton_alternaria_leaf_spot,classification,val,synthetic_smoke,generated_in_repo,v0.1.0-phase1,True,False,syn_farmer_00,syn_loc_04,,syn_farmer_00_sess_0,syn_farmer_00,96,96,6bf10bc213524d2f2c2faaf137e817f524fc35be2f08b12518c9f881848d8258,2026-08-31T20:31:46+00:00,19.3,73.8,,harvest,cotton_var_1,healthy,0.682,leaf,,synthetic difficulty=multiple_pests
syn_onion_onion_downy_mildew_000,synthetic/smoke/images/syn_onion_onion_downy_mildew_000.png,onion,onion_downy_mildew,classification,val,synthetic_smoke,generated_in_repo,v0.1.0-phase1,True,False,syn_farmer_00,syn_loc_00,,syn_farmer_00_sess_0,syn_farmer_00,96,96,9231ca4d51d7457361bae184a61c37f7458ade5e7902b1da5b986b682bc4853d,2026-08-31T20:31:46+00:00,18.9,73.8,,reproductive,onion_var_0,,,leaf,,synthetic difficulty=healthy
syn_grape_grape_black_rot_003,synthetic/smoke/images/syn_grape_grape_black_rot_003.png,grape,grape_black_rot,classification,train,synthetic_smoke,generated_in_repo,v0.1.0-phase1,True,False,syn_farmer_07,syn_loc_01,,syn_farmer_07_sess_1,syn_farmer_07,96,96,a4b0a58866df59f42482a2aa27c846031bd1aa2bbd8e1d1e166a7234023515fa,2026-08-31T20:31:46+00:00,18.9,74.39999999999999,,reproductive,grape_var_1,early,4.909,leaf,,synthetic difficulty=poor_lighting
syn_maize_maize_common_rust_003,synthetic/smoke/images/syn_maize_maize_common_rust_003.png,maize,maize_common_rust,classification,train,synthetic_smoke,generated_in_repo,v0.1.0-phase1,True,False,syn_farmer_07,syn_loc_03,,syn_farmer_07_sess_1,syn_farmer_07,96,96,37367f756b903a29299ff3bcddd45afb4fafaccedbb9e4586b15d5789c169b5f,2026-08-31T20:31:46+00:00,18.5,74.39999999999999,,seedling,maize_var_0,healthy,0.682,leaf,,synthetic difficulty=multiple_diseases
syn_pepper_pepper_bacterial_spot_003,synthetic/smoke/images/syn_pepper_pepper_bacterial_spot_003.png,pepper,pepper_bacterial_spot,classification,train,synthetic_smoke,generated_in_repo,v0.1.0-phase1,True,False,syn_farmer_07,syn_loc_05,,syn_farmer_07_sess_1,syn_farmer_07,96,96,c78b659ec7082013894729a402f99b8e6832eafc7487a144b68200df6321f25d,2026-08-31T20:31:46+00:00,19.1,74.39999999999999,,ripening,pepper_var_2,early,8.181,leaf,,synthetic difficulty=different_growth_stage
syn_potato_potato_early_blight_003,synthetic/smoke/images/syn_potato_potato_early_blight_003.png,potato,potato_early_blight,classification,train,synthetic_smoke,generated_in_repo,v0.1.0-phase1,True,False,syn_farmer_07,syn_loc_01,,syn_farmer_07_sess_1,syn_farmer_07,96,96,4791d985687b7349899f04a624acfc3cab6452f210c519e626ebd332c4730002,2026-08-31T20:31:46+00:00,18.7,74.39999999999999,,vegetative,potato_var_1,early,6.954,leaf,,synthetic difficulty=poor_lighting
syn_rice_rice_bacterial_blight_003,synthetic/smoke/images/syn_rice_rice_bacterial_blight_003.png,rice,rice_bacterial_blight,classification,train,synthetic_smoke,generated_in_repo,v0.1.0-phase1,True,False,syn_farmer_07,syn_loc_03,,syn_farmer_07_sess_1,syn_farmer_07,96,96,914a5829a4e5f5971a4a80d57ac5dcdf7895cfa55200c29929d66b46244f6411,2026-08-31T20:31:46+00:00,19.3,74.39999999999999,,harvest,rice_var_0,healthy,0.682,leaf,,synthetic difficulty=multiple_diseases
syn_soybean_soybean_leaf_spot_003,synthetic/smoke/images/syn_soybean_soybean_leaf_spot_003.png,soybean,soybean_leaf_spot,classification,train,synthetic_smoke,generated_in_repo,v0.1.0-phase1,True,False,syn_farmer_07,syn_loc_05,,syn_farmer_07_sess_1,syn_farmer_07,96,96,59bc4208195741a5ba965fe538b78a2732861f7306e263c190b70cdfc2c860fe,2026-08-31T20:31:46+00:00,18.9,74.39999999999999,,reproductive,soybean_var_2,early,4.875,leaf,,synthetic difficulty=different_growth_stage
syn_tomato_tomato_bacterial_spot_003,synthetic/smoke/images/syn_tomato_tomato_bacterial_spot_003.png,tomato,tomato_bacterial_spot,classification,train,synthetic_smoke,generated_in_repo,v0.1.0-phase1,True,False,syn_farmer_07,syn_loc_01,,syn_farmer_07_sess_1,syn_farmer_07,96,96,0e9ce57f3938c7f16dd1e7f98ca115c5b50c82908c9b96cba7b1a44e76727a25,2026-08-31T20:31:46+00:00,18.5,74.39999999999999,,seedling,tomato_var_1,early,2.182,leaf,,synthetic difficulty=poor_lighting
syn_wheat_wheat_leaf_rust_003,synthetic/smoke/images/syn_wheat_wheat_leaf_rust_003.png,wheat,wheat_leaf_rust,classification,train,synthetic_smoke,generated_in_repo,v0.1.0-phase1,True,False,syn_farmer_07,syn_loc_03,,syn_farmer_07_sess_1,syn_farmer_07,96,96,de1bfd54eae15c2db63d25360dd4e55d3e442072a4d88932a16cecb72c761b54,2026-08-31T20:31:46+00:00,19.1,74.39999999999999,,ripening,wheat_var_0,healthy,0.682,leaf,,synthetic difficulty=multiple_diseases
syn_sugarcane_sugarcane_healthy_003,synthetic/smoke/images/syn_sugarcane_sugarcane_healthy_003.png,sugarcane,sugarcane_healthy,classification,train,synthetic_smoke,generated_in_repo,v0.1.0-phase1,True,False,syn_farmer_07,syn_loc_05,,syn_farmer_07_sess_1,syn_farmer_07,96,96,91e180c84d532afca95623af43eec783a872dba0f2573faa4c9f7ead641bdc4e,2026-08-31T20:31:46+00:00,18.7,74.39999999999999,,vegetative,sugarcane_var_2,,,leaf,,synthetic difficulty=different_growth_stage
syn_grape_grape_black_rot_002,synthetic/smoke/images/syn_grape_grape_black_rot_002.png,grape,grape_black_rot,classification,train,synthetic_smoke,generated_in_repo,v0.1.0-phase1,True,False,syn_farmer_06,syn_loc_00,,syn_farmer_06_sess_1,syn_farmer_06,96,96,6575e2fc8748ab0b4ff1de31dc40df281c093cd91672d911e743cb334888af46,2026-08-31T20:31:46+00:00,18.7,74.2,,vegetative,grape_var_0,early,5.25,leaf,,synthetic difficulty=occluded_symptoms
syn_maize_maize_common_rust_002,synthetic/smoke/images/syn_maize_maize_common_rust_002.png,maize,maize_common_rust,classification,train,synthetic_smoke,generated_in_repo,v0.1.0-phase1,True,False,syn_farmer_06,syn_loc_02,,syn_farmer_06_sess_1,syn_farmer_06,96,96,3109ac9569c99d401070ed5740c04ad052ccd09a82a35386ae571501fc99628d,2026-08-31T20:31:46+00:00,19.3,74.2,,harvest,maize_var_2,moderate,14.999,leaf,,synthetic difficulty=advanced_disease
syn_pepper_pepper_bacterial_spot_002,synthetic/smoke/images/syn_pepper_pepper_bacterial_spot_002.png,pepper,pepper_bacterial_spot,classification,train,synthetic_smoke,generated_in_repo,v0.1.0-phase1,True,False,syn_farmer_06,syn_loc_04,,syn_farmer_06_sess_1,syn_farmer_06,96,96,d98b465ebaeedce73c353cf192251bdbfe1969ccb6201d9d5e986545c78e11fc,2026-08-31T20:31:46+00:00,18.9,74.2,,reproductive,pepper_var_1,early,3.0,leaf,,synthetic difficulty=different_cultivar
syn_potato_potato_early_blight_002,synthetic/smoke/images/syn_potato_potato_early_blight_002.png,potato,potato_early_blight,classification,train,synthetic_smoke,generated_in_repo,v0.1.0-phase1,True,False,syn_farmer_06,syn_loc_00,,syn_farmer_06_sess_1,syn_farmer_06,96,96,b7942aac85084ec580ff8de4771f9c8f76a820a80bab2b728b8c097c73afbb31,2026-08-31T20:31:46+00:00,18.5,74.2,,seedling,potato_var_0,moderate,10.431,leaf,,synthetic difficulty=occluded_symptoms
syn_rice_rice_bacterial_blight_002,synthetic/smoke/images/syn_rice_rice_bacterial_blight_002.png,rice,rice_bacterial_blight,classification,train,synthetic_smoke,generated_in_repo,v0.1.0-phase1,True,False,syn_farmer_06,syn_loc_02,,syn_farmer_06_sess_1,syn_farmer_06,96,96,b1ee38d5a3077985e1918720c7b94277169e382832d9c1c3aa0ad2110f6d6e8f,2026-08-31T20:31:46+00:00,19.1,74.2,,ripening,rice_var_2,moderate,14.999,leaf,,synthetic difficulty=advanced_disease
syn_soybean_soybean_leaf_spot_002,synthetic/smoke/images/syn_soybean_soybean_leaf_spot_002.png,soybean,soybean_leaf_spot,classification,train,synthetic_smoke,generated_in_repo,v0.1.0-phase1,True,False,syn_farmer_06,syn_loc_04,,syn_farmer_06_sess_1,syn_farmer_06,96,96,004de5bd1c9d6b081eaaa2c18773264c3776319387f4c21614ed3d6a870ef00a,2026-08-31T20:31:46+00:00,18.7,74.2,,vegetative,soybean_var_1,early,3.545,leaf,,synthetic difficulty=different_cultivar
syn_tomato_tomato_bacterial_spot_002,synthetic/smoke/images/syn_tomato_tomato_bacterial_spot_002.png,tomato,tomato_bacterial_spot,classification,train,synthetic_smoke,generated_in_repo,v0.1.0-phase1,True,False,syn_farmer_06,syn_loc_00,,syn_farmer_06_sess_1,syn_farmer_06,96,96,34705ad78077a1d57effc966def88b6a99bbf37a6547a00b8799c80edeae07dd,2026-08-31T20:31:46+00:00,19.3,74.2,,harvest,tomato_var_0,early,2.182,leaf,,synthetic difficulty=occluded_symptoms
syn_wheat_wheat_leaf_rust_002,synthetic/smoke/images/syn_wheat_wheat_leaf_rust_002.png,wheat,wheat_leaf_rust,classification,train,synthetic_smoke,generated_in_repo,v0.1.0-phase1,True,False,syn_farmer_06,syn_loc_02,,syn_farmer_06_sess_1,syn_farmer_06,96,96,f3dea5c955351f1a4fba7b5b50d1b704da85f422a93fcbc30f0d36207fb294fd,2026-08-31T20:31:46+00:00,18.9,74.2,,reproductive,wheat_var_2,moderate,14.999,leaf,,synthetic difficulty=advanced_disease
syn_sugarcane_sugarcane_healthy_002,synthetic/smoke/images/syn_sugarcane_sugarcane_healthy_002.png,sugarcane,sugarcane_healthy,classification,train,synthetic_smoke,generated_in_repo,v0.1.0-phase1,True,False,syn_farmer_06,syn_loc_04,,syn_farmer_06_sess_1,syn_farmer_06,96,96,00d8bc6886a21678c72de1929fbe35e71408f82d60a1f71fab2c886f42c4fd89,2026-08-31T20:31:46+00:00,18.5,74.2,,seedling,sugarcane_var_1,,,leaf,,synthetic difficulty=different_cultivar
syn_grape_grape_healthy_001,synthetic/smoke/images/syn_grape_grape_healthy_001.png,grape,grape_healthy,classification,train,synthetic_smoke,generated_in_repo,v0.1.0-phase1,True,False,syn_farmer_01,syn_loc_01,,syn_farmer_01_sess_0,syn_farmer_01,96,96,b33ea3b49d248fd942367aa2ba1ab5a0368b889527328bf08cce8993af8407a7,2026-08-31T20:31:46+00:00,18.7,74.0,,vegetative,grape_var_1,,,leaf,,synthetic difficulty=early_disease
syn_maize_maize_healthy_001,synthetic/smoke/images/syn_maize_maize_healthy_001.png,maize,maize_healthy,classification,train,synthetic_smoke,generated_in_repo,v0.1.0-phase1,True,False,syn_farmer_01,syn_loc_03,,syn_farmer_01_sess_0,syn_farmer_01,96,96,ff2353182b62eedd0ec6f9cae865bd424d4acd503d4e7d58ef6bbb722e2062c1,2026-08-31T20:31:46+00:00,19.3,74.0,,harvest,maize_var_0,,,leaf,,synthetic difficulty=cluttered_background
syn_pepper_pepper_healthy_001,synthetic/smoke/images/syn_pepper_pepper_healthy_001.png,pepper,pepper_healthy,classification,train,synthetic_smoke,generated_in_repo,v0.1.0-phase1,True,False,syn_farmer_01,syn_loc_05,,syn_farmer_01_sess_0,syn_farmer_01,96,96,02e12f1aa9b64a3e3abf14ec18684b550d1868dfa65fbb314e2821785dab4ec9,2026-08-31T20:31:46+00:00,18.9,74.0,,reproductive,pepper_var_2,,,leaf,,synthetic difficulty=partial_symptoms
syn_potato_potato_healthy_001,synthetic/smoke/images/syn_potato_potato_healthy_001.png,potato,potato_healthy,classification,train,synthetic_smoke,generated_in_repo,v0.1.0-phase1,True,False,syn_farmer_01,syn_loc_01,,syn_farmer_01_sess_0,syn_farmer_01,96,96,7620aca8930c16b63df4ad2bd34a07a5a770fc1c73a28d891bf3622aaebca59c,2026-08-31T20:31:46+00:00,18.5,74.0,,seedling,potato_var_1,,,leaf,,synthetic difficulty=early_disease
syn_rice_rice_healthy_001,synthetic/smoke/images/syn_rice_rice_healthy_001.png,rice,rice_healthy,classification,train,synthetic_smoke,generated_in_repo,v0.1.0-phase1,True,False,syn_farmer_01,syn_loc_03,,syn_farmer_01_sess_0,syn_farmer_01,96,96,b2452035d40a92a4fbb618709b16ecaa546c4e7aab7438eb464ef9ecc9f0a63a,2026-08-31T20:31:46+00:00,19.1,74.0,,ripening,rice_var_0,,,leaf,,synthetic difficulty=cluttered_background
syn_soybean_soybean_healthy_001,synthetic/smoke/images/syn_soybean_soybean_healthy_001.png,soybean,soybean_healthy,classification,train,synthetic_smoke,generated_in_repo,v0.1.0-phase1,True,False,syn_farmer_01,syn_loc_05,,syn_farmer_01_sess_0,syn_farmer_01,96,96,6b6a4d3694b08a4c1dfefb81189cbc2f5df71eb4269dd47c5c37de83396868a0,2026-08-31T20:31:46+00:00,18.7,74.0,,vegetative,soybean_var_2,,,leaf,,synthetic difficulty=partial_symptoms
syn_tomato_tomato_healthy_001,synthetic/smoke/images/syn_tomato_tomato_healthy_001.png,tomato,tomato_healthy,classification,train,synthetic_smoke,generated_in_repo,v0.1.0-phase1,True,False,syn_farmer_01,syn_loc_01,,syn_farmer_01_sess_0,syn_farmer_01,96,96,1ea2421ec145b98ce8988df1336e91547acdc86a6e1bac5c45e250f66a781659,2026-08-31T20:31:46+00:00,19.3,74.0,,harvest,tomato_var_1,,,leaf,,synthetic difficulty=early_disease
syn_wheat_wheat_healthy_001,synthetic/smoke/images/syn_wheat_wheat_healthy_001.png,wheat,wheat_healthy,classification,train,synthetic_smoke,generated_in_repo,v0.1.0-phase1,True,False,syn_farmer_01,syn_loc_03,,syn_farmer_01_sess_0,syn_farmer_01,96,96,0a47d9c3f5d51160d2a53a3344c5202a051327866634a5afe12fec7b45635242,2026-08-31T20:31:46+00:00,18.9,74.0,,reproductive,wheat_var_0,,,leaf,,synthetic difficulty=cluttered_background
syn_cotton_cotton_alternaria_leaf_spot_001,synthetic/smoke/images/syn_cotton_cotton_alternaria_leaf_spot_001.png,cotton,cotton_alternaria_leaf_spot,classification,train,synthetic_smoke,generated_in_repo,v0.1.0-phase1,True,False,syn_farmer_01,syn_loc_05,,syn_farmer_01_sess_0,syn_farmer_01,96,96,daa36e131eb9b93ef5f6c0ac9b8f3f2c06ce2057b4b9aaf8b5cc67b5c43cee99,2026-08-31T20:31:46+00:00,18.5,74.0,,seedling,cotton_var_2,early,4.909,leaf,,synthetic difficulty=partial_symptoms
syn_onion_onion_downy_mildew_001,synthetic/smoke/images/syn_onion_onion_downy_mildew_001.png,onion,onion_downy_mildew,classification,train,synthetic_smoke,generated_in_repo,v0.1.0-phase1,True,False,syn_farmer_01,syn_loc_01,,syn_farmer_01_sess_0,syn_farmer_01,96,96,7eb43b698130737e53247386489b628d4b8bf14a442e15e92dd525a511f46aa6,2026-08-31T20:31:46+00:00,19.1,74.0,,ripening,onion_var_1,early,1.227,leaf,,synthetic difficulty=early_disease
syn_grape_grape_black_rot_001,synthetic/smoke/images/syn_grape_grape_black_rot_001.png,grape,grape_black_rot,classification,train,synthetic_smoke,generated_in_repo,v0.1.0-phase1,True,False,syn_farmer_05,syn_loc_05,,syn_farmer_05_sess_0,syn_farmer_05,96,96,59e3d100ac5a3bf816d70fb4e7d502527e3fac8ec14b6aafa80305889a37b599,2026-08-31T20:31:46+00:00,18.5,74.0,,seedling,grape_var_2,early,6.545,leaf,,synthetic difficulty=partial_symptoms
syn_maize_maize_common_rust_001,synthetic/smoke/images/syn_maize_maize_common_rust_001.png,maize,maize_common_rust,classification,train,synthetic_smoke,generated_in_repo,v0.1.0-phase1,True,False,syn_farmer_05,syn_loc_01,,syn_farmer_05_sess_0,syn_farmer_05,96,96,ae826803d403f864248726f39791a4b925273dd22563bc2e563525267af6a59e,2026-08-31T20:31:46+00:00,19.1,74.0,,ripening,maize_var_1,early,1.227,leaf,,synthetic difficulty=early_disease
syn_pepper_pepper_bacterial_spot_001,synthetic/smoke/images/syn_pepper_pepper_bacterial_spot_001.png,pepper,pepper_bacterial_spot,classification,train,synthetic_smoke,generated_in_repo,v0.1.0-phase1,True,False,syn_farmer_05,syn_loc_03,,syn_farmer_05_sess_0,syn_farmer_05,96,96,300b093f7e0ddf6b878ef20b8a91eb623c1a0dbbd36769c98bb220c987db4037,2026-08-31T20:31:46+00:00,18.7,74.0,,vegetative,pepper_var_0,early,2.761,leaf,,synthetic difficulty=cluttered_background
syn_potato_potato_early_blight_001,synthetic/smoke/images/syn_potato_potato_early_blight_001.png,potato,potato_early_blight,classification,train,synthetic_smoke,generated_in_repo,v0.1.0-phase1,True,False,syn_farmer_05,syn_loc_05,,syn_farmer_05_sess_0,syn_farmer_05,96,96,230c7c217dd46cb80ecf34cd46b5ad86dd0dfe02b6bcc2f978e7f3023b14e972,2026-08-31T20:31:46+00:00,19.3,74.0,,harvest,potato_var_2,early,4.5,leaf,,synthetic difficulty=partial_symptoms
syn_rice_rice_bacterial_blight_001,synthetic/smoke/images/syn_rice_rice_bacterial_blight_001.png,rice,rice_bacterial_blight,classification,train,synthetic_smoke,generated_in_repo,v0.1.0-phase1,True,False,syn_farmer_05,syn_loc_01,,syn_farmer_05_sess_0,syn_farmer_05,96,96,cebcb9b90effe0e4486d16a6e8b098d175f3e1600b03377ce6a8b7dd5ac07899,2026-08-31T20:31:46+00:00,18.9,74.0,,reproductive,rice_var_1,early,1.227,leaf,,synthetic difficulty=early_disease
syn_soybean_soybean_leaf_spot_001,synthetic/smoke/images/syn_soybean_soybean_leaf_spot_001.png,soybean,soybean_leaf_spot,classification,train,synthetic_smoke,generated_in_repo,v0.1.0-phase1,True,False,syn_farmer_05,syn_loc_03,,syn_farmer_05_sess_0,syn_farmer_05,96,96,e3b444fc6188018aacc7f0983961028b97ad53afadf6beeb2297deb646dcf66e,2026-08-31T20:31:46+00:00,18.5,74.0,,seedling,soybean_var_0,early,7.09,leaf,,synthetic difficulty=cluttered_background
syn_tomato_tomato_bacterial_spot_001,synthetic/smoke/images/syn_tomato_tomato_bacterial_spot_001.png,tomato,tomato_bacterial_spot,classification,train,synthetic_smoke,generated_in_repo,v0.1.0-phase1,True,False,syn_farmer_05,syn_loc_05,,syn_farmer_05_sess_0,syn_farmer_05,96,96,62222c4057641ff4442ad6286f72bd3973d7b385fb979411f8ab362cf88b2ff1,2026-08-31T20:31:46+00:00,19.1,74.0,,ripening,tomato_var_2,early,5.522,leaf,,synthetic difficulty=partial_symptoms
syn_wheat_wheat_leaf_rust_001,synthetic/smoke/images/syn_wheat_wheat_leaf_rust_001.png,wheat,wheat_leaf_rust,classification,train,synthetic_smoke,generated_in_repo,v0.1.0-phase1,True,False,syn_farmer_05,syn_loc_01,,syn_farmer_05_sess_0,syn_farmer_05,96,96,a9bda18020accaacc8c87318f4f05339441182358caacaafad2910c83da46198,2026-08-31T20:31:46+00:00,18.7,74.0,,vegetative,wheat_var_1,early,1.227,leaf,,synthetic difficulty=early_disease
syn_sugarcane_sugarcane_healthy_001,synthetic/smoke/images/syn_sugarcane_sugarcane_healthy_001.png,sugarcane,sugarcane_healthy,classification,train,synthetic_smoke,generated_in_repo,v0.1.0-phase1,True,False,syn_farmer_05,syn_loc_03,,syn_farmer_05_sess_0,syn_farmer_05,96,96,1033c2aad897d4a253476b412ee333d1ea16deca7516040d8c5831255e123fd9,2026-08-31T20:31:46+00:00,19.3,74.0,,harvest,sugarcane_var_0,,,leaf,,synthetic difficulty=cluttered_background
syn_grape_grape_healthy_002,synthetic/smoke/images/syn_grape_grape_healthy_002.png,grape,grape_healthy,classification,train,synthetic_smoke,generated_in_repo,v0.1.0-phase1,True,False,syn_farmer_02,syn_loc_02,,syn_farmer_02_sess_1,syn_farmer_02,96,96,06367e2f24be1f2ee124b3675dcb68905f8f286178082d7f9e04544204405dce,2026-08-31T20:31:46+00:00,18.9,74.2,,reproductive,grape_var_2,,,leaf,,synthetic difficulty=advanced_disease
syn_maize_maize_healthy_002,synthetic/smoke/images/syn_maize_maize_healthy_002.png,maize,maize_healthy,classification,train,synthetic_smoke,generated_in_repo,v0.1.0-phase1,True,False,syn_farmer_02,syn_loc_04,,syn_farmer_02_sess_1,syn_farmer_02,96,96,2cd20f250091ddd5dd9ef26156f350f83bc043592159d67d70509ebdbe2d794f,2026-08-31T20:31:46+00:00,18.5,74.2,,seedling,maize_var_1,,,leaf,,synthetic difficulty=different_cultivar
syn_pepper_pepper_healthy_002,synthetic/smoke/images/syn_pepper_pepper_healthy_002.png,pepper,pepper_healthy,classification,train,synthetic_smoke,generated_in_repo,v0.1.0-phase1,True,False,syn_farmer_02,syn_loc_00,,syn_farmer_02_sess_1,syn_farmer_02,96,96,a2f057c0d7b9ffd44611f7b1600ab9133c36dae2ed77d44f43bf7440395af40a,2026-08-31T20:31:46+00:00,19.1,74.2,,ripening,pepper_var_0,,,leaf,,synthetic difficulty=occluded_symptoms
syn_potato_potato_healthy_002,synthetic/smoke/images/syn_potato_potato_healthy_002.png,potato,potato_healthy,classification,train,synthetic_smoke,generated_in_repo,v0.1.0-phase1,True,False,syn_farmer_02,syn_loc_02,,syn_farmer_02_sess_1,syn_farmer_02,96,96,ecbe2e588529bfa956a0061df2253e204a2babd3b40222b924792206d89516ed,2026-08-31T20:31:46+00:00,18.7,74.2,,vegetative,potato_var_2,,,leaf,,synthetic difficulty=advanced_disease
syn_rice_rice_healthy_002,synthetic/smoke/images/syn_rice_rice_healthy_002.png,rice,rice_healthy,classification,train,synthetic_smoke,generated_in_repo,v0.1.0-phase1,True,False,syn_farmer_02,syn_loc_04,,syn_farmer_02_sess_1,syn_farmer_02,96,96,266610b065c75b408d7e045b5ef3452506584a04527a0cd1cf30150860450e75,2026-08-31T20:31:46+00:00,19.3,74.2,,harvest,rice_var_1,,,leaf,,synthetic difficulty=different_cultivar
syn_soybean_soybean_healthy_002,synthetic/smoke/images/syn_soybean_soybean_healthy_002.png,soybean,soybean_healthy,classification,train,synthetic_smoke,generated_in_repo,v0.1.0-phase1,True,False,syn_farmer_02,syn_loc_00,,syn_farmer_02_sess_1,syn_farmer_02,96,96,b2fc57c74ad779b852a2ca0293afbd77caea0f7f07f265537dd4a47c689af528,2026-08-31T20:31:46+00:00,18.9,74.2,,reproductive,soybean_var_0,,,leaf,,synthetic difficulty=occluded_symptoms
syn_tomato_tomato_healthy_002,synthetic/smoke/images/syn_tomato_tomato_healthy_002.png,tomato,tomato_healthy,classification,train,synthetic_smoke,generated_in_repo,v0.1.0-phase1,True,False,syn_farmer_02,syn_loc_02,,syn_farmer_02_sess_1,syn_farmer_02,96,96,0c23e3c80ddc5ca7d70eb250ccaaeff5b9dbb9e3d54943dedea45b3c3afde4e9,2026-08-31T20:31:46+00:00,18.5,74.2,,seedling,tomato_var_2,,,leaf,,synthetic difficulty=advanced_disease
syn_wheat_wheat_healthy_002,synthetic/smoke/images/syn_wheat_wheat_healthy_002.png,wheat,wheat_healthy,classification,train,synthetic_smoke,generated_in_repo,v0.1.0-phase1,True,False,syn_farmer_02,syn_loc_04,,syn_farmer_02_sess_1,syn_farmer_02,96,96,2e752a1ddd63c5f41012be3a66d7a101eb30b5915c7ed20aa853ef50df9c2c9b,2026-08-31T20:31:46+00:00,19.1,74.2,,ripening,wheat_var_1,,,leaf,,synthetic difficulty=different_cultivar
syn_cotton_cotton_alternaria_leaf_spot_002,synthetic/smoke/images/syn_cotton_cotton_alternaria_leaf_spot_002.png,cotton,cotton_alternaria_leaf_spot,classification,train,synthetic_smoke,generated_in_repo,v0.1.0-phase1,True,False,syn_farmer_02,syn_loc_00,,syn_farmer_02_sess_1,syn_farmer_02,96,96,54a149bd6d3fa053e607ed13ad9f342cf86db95297475b6805989f26f97e1669,2026-08-31T20:31:46+00:00,18.7,74.2,,vegetative,cotton_var_0,early,3.682,leaf,,synthetic difficulty=occluded_symptoms
syn_onion_onion_downy_mildew_002,synthetic/smoke/images/syn_onion_onion_downy_mildew_002.png,onion,onion_downy_mildew,classification,train,synthetic_smoke,generated_in_repo,v0.1.0-phase1,True,False,syn_farmer_02,syn_loc_02,,syn_farmer_02_sess_1,syn_farmer_02,96,96,b66e40f7426ddbd720a2740a07e04f8022a7914f71f41a371ad80882f579b601,2026-08-31T20:31:46+00:00,19.3,74.2,,harvest,onion_var_2,moderate,14.999,leaf,,synthetic difficulty=advanced_disease
syn_grape_grape_healthy_003,synthetic/smoke/images/syn_grape_grape_healthy_003.png,grape,grape_healthy,classification,train,synthetic_smoke,generated_in_repo,v0.1.0-phase1,True,False,syn_farmer_03,syn_loc_03,,syn_farmer_03_sess_1,syn_farmer_03,96,96,225bf3e4d1ee9f038dc7b928910f38f425cb0cf008cd7e85e0b1bc0eda4d6e21,2026-08-31T20:31:46+00:00,19.1,74.39999999999999,,ripening,grape_var_0,,,leaf,,synthetic difficulty=multiple_diseases
syn_maize_maize_healthy_003,synthetic/smoke/images/syn_maize_maize_healthy_003.png,maize,maize_healthy,classification,train,synthetic_smoke,generated_in_repo,v0.1.0-phase1,True,False,syn_farmer_03,syn_loc_05,,syn_farmer_03_sess_1,syn_farmer_03,96,96,c27ee9e725638d68eed72a5aad2969db11494eadd7d3b095908b26cfd5084131,2026-08-31T20:31:46+00:00,18.7,74.39999999999999,,vegetative,maize_var_2,,,leaf,,synthetic difficulty=different_growth_stage
syn_pepper_pepper_healthy_003,synthetic/smoke/images/syn_pepper_pepper_healthy_003.png,pepper,pepper_healthy,classification,train,synthetic_smoke,generated_in_repo,v0.1.0-phase1,True,False,syn_farmer_03,syn_loc_01,,syn_farmer_03_sess_1,syn_farmer_03,96,96,27ae859037e69659595f599ed469804958ae6661ad2a1c81bb153a356279c08c,2026-08-31T20:31:46+00:00,19.3,74.39999999999999,,harvest,pepper_var_1,,,leaf,,synthetic difficulty=poor_lighting
syn_potato_potato_healthy_003,synthetic/smoke/images/syn_potato_potato_healthy_003.png,potato,potato_healthy,classification,train,synthetic_smoke,generated_in_repo,v0.1.0-phase1,True,False,syn_farmer_03,syn_loc_03,,syn_farmer_03_sess_1,syn_farmer_03,96,96,cb98bde5cb1d1d7cddf21c0399861d9c1a0404b1f08d90965025f2ff079995cf,2026-08-31T20:31:46+00:00,18.9,74.39999999999999,,reproductive,potato_var_0,,,leaf,,synthetic difficulty=multiple_diseases
syn_rice_rice_healthy_003,synthetic/smoke/images/syn_rice_rice_healthy_003.png,rice,rice_healthy,classification,train,synthetic_smoke,generated_in_repo,v0.1.0-phase1,True,False,syn_farmer_03,syn_loc_05,,syn_farmer_03_sess_1,syn_farmer_03,96,96,b700250b8e3cd408856b71e19554ce17937e74f3c9e72315ce20bdabb0e4f30b,2026-08-31T20:31:46+00:00,18.5,74.39999999999999,,seedling,rice_var_2,,,leaf,,synthetic difficulty=different_growth_stage
syn_soybean_soybean_healthy_003,synthetic/smoke/images/syn_soybean_soybean_healthy_003.png,soybean,soybean_healthy,classification,train,synthetic_smoke,generated_in_repo,v0.1.0-phase1,True,False,syn_farmer_03,syn_loc_01,,syn_farmer_03_sess_1,syn_farmer_03,96,96,ce49e3409c990f4694fa3a359a64562e7bf758a9f44335ff1fd2568101f9c06b,2026-08-31T20:31:46+00:00,19.1,74.39999999999999,,ripening,soybean_var_1,,,leaf,,synthetic difficulty=poor_lighting
syn_tomato_tomato_healthy_003,synthetic/smoke/images/syn_tomato_tomato_healthy_003.png,tomato,tomato_healthy,classification,train,synthetic_smoke,generated_in_repo,v0.1.0-phase1,True,False,syn_farmer_03,syn_loc_03,,syn_farmer_03_sess_1,syn_farmer_03,96,96,2c7af769f4b03c2f3ca1857400e28c97e9af6fff2632aacfae58f4d44f8e8f91,2026-08-31T20:31:46+00:00,18.7,74.39999999999999,,vegetative,tomato_var_0,,,leaf,,synthetic difficulty=multiple_diseases
syn_wheat_wheat_healthy_003,synthetic/smoke/images/syn_wheat_wheat_healthy_003.png,wheat,wheat_healthy,classification,train,synthetic_smoke,generated_in_repo,v0.1.0-phase1,True,False,syn_farmer_03,syn_loc_05,,syn_farmer_03_sess_1,syn_farmer_03,96,96,5a5af1ee5b15527442564fc6e271969ab6bcf18610ffbcca492159c26d0157e1,2026-08-31T20:31:46+00:00,19.3,74.39999999999999,,harvest,wheat_var_2,,,leaf,,synthetic difficulty=different_growth_stage
syn_cotton_cotton_alternaria_leaf_spot_003,synthetic/smoke/images/syn_cotton_cotton_alternaria_leaf_spot_003.png,cotton,cotton_alternaria_leaf_spot,classification,train,synthetic_smoke,generated_in_repo,v0.1.0-phase1,True,False,syn_farmer_03,syn_loc_01,,syn_farmer_03_sess_1,syn_farmer_03,96,96,6baf039db65d78f3db5889579244c10d832b1f3ab9c3fae331ee841bb9337d25,2026-08-31T20:31:46+00:00,18.9,74.39999999999999,,reproductive,cotton_var_1,early,6.0,leaf,,synthetic difficulty=poor_lighting
syn_onion_onion_downy_mildew_003,synthetic/smoke/images/syn_onion_onion_downy_mildew_003.png,onion,onion_downy_mildew,classification,train,synthetic_smoke,generated_in_repo,v0.1.0-phase1,True,False,syn_farmer_03,syn_loc_03,,syn_farmer_03_sess_1,syn_farmer_03,96,96,baf387c2ca1e690be8c8e38d8754e58e6d623ed3b7850fd95047bd7781dd7c91,2026-08-31T20:31:46+00:00,18.5,74.39999999999999,,seedling,onion_var_0,healthy,0.682,leaf,,synthetic difficulty=multiple_diseases
